UF_ZI;ANO_CMPT;MES_CMPT;ESPEC;CGC_HOSP;N_AIH;IDENT;CEP;MUNIC_RES;NASC;SEXO;UTI_MES_IN;UTI_MES_AN;UTI_MES_AL;UTI_MES_TO;MARCA_UTI;UTI_INT_IN;UTI_INT_AN;UTI_INT_AL;UTI_INT_TO;DIAR_ACOM;QT_DIARIAS;PROC_SOLIC;PROC_REA;VAL_SH;VAL_SP;VAL_SADT;VAL_RN;VAL_ACOMP;VAL_ORTP;VAL_SANGUE;VAL_SADTSR;VAL_TRANSP;VAL_OBSANG;VAL_PED1AC;VAL_TOT;VAL_UTI;US_TOT;DT_INTER;DT_SAIDA;DIAG_PRINC;DIAG_SECUN;COBRANCA;NATUREZA;NAT_JUR;GESTAO;RUBRICA;IND_VDRL;MUNIC_MOV;COD_IDADE;IDADE;DIAS_PERM;MORTE;NACIONAL;NUM_PROC;CAR_INT;TOT_PT_SP;CPF_AUT;HOMONIMO;NUM_FILHOS;INSTRU;CID_NOTIF;CONTRACEP1;CONTRACEP2;GESTRISCO;INSC_PN;SEQ_AIH5;CBOR;CNAER;VINCPREV;GESTOR_COD;GESTOR_TP;GESTOR_CPF;GESTOR_DT;CNES;CNPJ_MANT;INFEHOSP;CID_ASSO;CID_MORTE;COMPLEX;FINANC;FAEC_TP;REGCT;RACA_COR;ETNIA;SEQUENCIA;REMESSA;AUD_JUST;SIS_JUST;VAL_SH_FED;VAL_SP_FED;VAL_SH_GES;VAL_SP_GES;VAL_UCI;MARCA_UCI;DIAGSEC1;DIAGSEC2;DIAGSEC3;DIAGSEC4;DIAGSEC5;DIAGSEC6;DIAGSEC7;DIAGSEC8;DIAGSEC9;TPDISEC1;TPDISEC2;TPDISEC3;TPDISEC4;TPDISEC5;TPDISEC6;TPDISEC7;TPDISEC8;TPDISEC9;FONTE_ORC
354390;2021;04;01;56384183000140;3521111858110;1;13506837;354390;19500905;3;0;0;0;0;00;0;0;0;0;1;1;0415010012;0415010012;699.82;239.86;0.00;0.00;0.00;0.00;0.00;0.00;0.00;0.00;0.00;939.68;0.00;179.67;20210401;20210402;C538;0000;12;00;3999;1;0;0;354390;4;70;1;0;010;;02;0;;0;0;0;;00;00;1;000000000000;000;000000;000;0;00000;0;000000000000000;;2082888;;;0000;0000;02;06;;0000;01;0000;237;HM35439001N202104.DTS;;;0.00;0.00;0.00;0.00;0.00;00;;;;;;;;;;0;0;0;0;0;0;0;0;0;
354390;2021;04;03;56384183000140;3521111859375;1;13506160;354390;19760908;3;0;0;0;0;00;0;0;0;0;0;4;0304100021;0304100021;302.30;65.14;0.00;0.00;0.00;0.00;0.00;0.00;0.00;0.00;0.00;367.44;0.00;70.25;20210404;20210407;C539;0000;41;00;3999;1;0;0;354390;4;44;3;1;010;;02;0;;0;0;0;;00;00;1;000000000000;000;000000;000;0;00000;0;000000000000000;;2082888;;;0000;0000;02;06;;0000;01;0000;579;HM35439001N202104.DTS;;;0.00;0.00;0.00;0.00;0.00;00;;;;;;;;;;0;0;0;0;0;0;0;0;0;
354390;2021;04;03;56384183000140;3521115637545;1;13506837;354390;19500905;3;0;0;0;0;00;0;0;0;0;3;3;0304100021;0304100021;384.30;65.14;0.00;0.00;0.00;0.00;0.00;0.00;0.00;0.00;0.00;449.44;0.00;85.93;20210414;20210416;C539;0000;41;00;3999;1;0;0;354390;4;70;2;1;010;;02;0;;0;0;0;;00;00;1;000000000000;000;000000;000;0;00000;0;000000000000000;;2082888;;;0000;0000;02;06;;0000;01;0000;730;HM35439001N202104.DTS;;;0.00;0.00;0.00;0.00;0.00;00;C798;;;;;;;;;1;0;0;0;0;0;0;0;0;
354390;2021;02;03;56384183000140;3521109535592;1;13502774;354390;19640113;3;0;0;0;0;00;0;0;0;0;0;1;0304100021;0304100021;320.63;65.14;0.00;0.00;0.00;0.00;0.00;0.00;0.00;0.00;0.00;385.77;0.00;67.79;20210212;20210213;C539;0000;12;00;3999;1;0;0;354390;4;57;1;0;010;;02;0;;0;0;0;;00;00;1;000000000000;000;000000;000;0;00007;1;000008291227888;;2082888;;;0000;0000;02;06;;0000;01;0000;382;HM35439001N202102.DTS;;;0.00;0.00;0.00;0.00;0.00;00;;;;;;;;;;0;0;0;0;0;0;0;0;0;
354390;2021;03;03;56384183000140;3521111854348;1;13505244;354390;19560908;3;0;0;0;0;00;0;0;0;0;6;6;0304100021;0304100021;696.71;65.14;0.00;0.00;0.00;0.00;0.00;0.00;0.00;0.00;0.00;761.85;0.00;141.08;20210319;20210325;C538;0000;12;00;3999;1;0;0;354390;4;64;6;0;010;;02;0;;0;0;0;;00;00;1;000000000000;000;000000;000;0;00000;0;000000000000000;;2082888;;;0000;0000;02;06;;0000;01;0000;461;HM35439001N202103.DTS;;;0.00;0.00;0.00;0.00;0.00;00;;;;;;;;;;0;0;0;0;0;0;0;0;0;
354390;2021;11;01;56384183000140;3521126315476;1;13500970;354390;19500930;3;0;0;0;0;00;0;0;0;0;4;4;0409060038;0409060038;1053.91;138.46;0.00;0.00;0.00;0.00;0.00;0.00;0.00;0.00;0.00;1192.37;0.00;214.07;20211018;20211021;C530;0000;42;00;3999;1;0;0;354390;4;71;3;1;010;;02;0;;0;0;0;;00;00;1;000000000000;000;000000;000;0;00000;1;000008291227888;;2082888;;;0000;0000;02;06;;0000;03;0000;531;HM35439001N202111.DTS;;;0.00;0.00;0.00;0.00;0.00;00;C55;;;;;;;;;1;0;0;0;0;0;0;0;0;
354390;2021;10;01;56384183000140;3521123732270;1;13504475;354390;19801117;3;0;0;0;0;00;0;0;0;0;0;1;0409010170;0409010170;637.76;159.60;0.00;0.00;0.00;0.00;0.00;0.00;0.00;0.00;0.00;797.36;0.00;142.13;20210923;20210923;C538;0000;12;00;3999;1;0;0;354390;4;40;0;0;010;;01;0;;0;0;0;;00;00;1;000000000000;000;000000;000;0;00000;0;000000000000000;;2082888;;;0000;0000;02;06;;0000;01;0000;20;HM35439001N202110.DTS;;;0.00;0.00;0.00;0.00;0.00;00;;;;;;;;;;0;0;0;0;0;0;0;0;0;
354390;2021;10;03;56384183000140;3521126314893;1;13502743;354390;19720820;3;0;0;0;0;00;0;0;0;0;0;1;0304100021;0304100021;361.41;65.14;0.00;0.00;0.00;0.00;0.00;0.00;0.00;0.00;0.00;426.55;0.00;76.03;20211015;20211016;C539;0000;12;00;3999;1;0;0;354390;4;49;1;0;010;;02;0;;0;0;0;;00;00;1;000000000000;000;000000;000;0;00007;1;000008291227888;;2082888;;;0000;0000;02;06;;0000;01;0000;479;HM35439001N202110.DTS;;;0.00;0.00;0.00;0.00;0.00;00;;;;;;;;;;0;0;0;0;0;0;0;0;0;
354390;2022;01;01;56384183000140;3522106335100;1;13500350;354390;19920211;3;0;0;0;0;00;0;0;0;0;0;1;0416060013;0416060013;1394.61;454.86;0.00;0.00;0.00;0.00;0.00;0.00;0.00;0.00;0.00;1849.47;0.00;360.52;20220121;20220122;C531;0000;12;00;3999;1;0;0;354390;4;29;1;0;010;;02;0;;0;0;0;;00;00;1;000000000000;000;000000;000;0;00000;0;000000000000000;;2082888;;;0000;0000;03;06;;0000;04;0000;643;HM35439001N202201.DTS;;;0.00;0.00;0.00;0.00;0.00;00;;;;;;;;;;0;0;0;0;0;0;0;0;0;
354390;2022;01;01;56384183000140;3522106335264;1;13500576;354390;19550227;3;0;0;0;0;00;0;0;0;0;1;1;0416060013;0416060013;1402.61;454.86;0.00;0.00;0.00;0.00;0.00;0.00;0.00;0.00;0.00;1857.47;0.00;362.07;20220121;20220122;C531;0000;12;00;3999;1;0;0;354390;4;66;1;0;010;;01;0;;0;0;0;;00;00;1;000000000000;000;000000;000;0;00000;0;000000000000000;;2082888;;;0000;0000;03;06;;0000;03;0000;647;HM35439001N202201.DTS;;;0.00;0.00;0.00;0.00;0.00;00;;;;;;;;;;0;0;0;0;0;0;0;0;0;
354390;2022;05;03;56384183000140;3522117373160;1;13504825;354390;19900819;3;0;0;0;4;75;0;0;0;0;0;5;0304100013;0304100013;4091.76;425.20;0.00;0.00;0.00;0.00;0.00;0.00;0.00;0.00;0.00;4516.96;2400.00;863.66;20220502;20220510;C538;0000;27;00;3999;1;0;0;354390;4;31;8;0;010;;02;0;;0;0;0;;00;00;1;000000000000;000;000000;000;0;00000;1;000008291227888;;2082888;;;0000;0000;02;06;;0000;03;0000;1159;HM35439001N202205.DTS;;;0.00;0.00;0.00;0.00;0.00;00;N939;L932;;;;;;;;1;1;0;0;0;0;0;0;0;
354390;2022;05;03;56384183000140;3522111537549;1;13504825;354390;19900819;3;0;0;0;4;75;0;0;0;0;0;11;0304100021;0304100021;3224.18;436.75;0.00;0.00;0.00;0.00;0.00;0.00;0.00;0.00;0.00;3660.93;2400.00;699.98;20220510;20220525;C538;0000;12;00;3999;1;0;0;354390;4;31;15;0;010;;02;0;;0;0;0;;00;00;1;000000000000;000;000000;000;0;00000;1;000008291227888;;2082888;;;0000;0000;02;06;;0000;03;0000;1074;HM35439001N202205.DTS;;;0.00;0.00;0.00;0.00;0.00;00;N939;L932;;;;;;;;1;1;0;0;0;0;0;0;0;
354390;2022;11;03;56384183000140;3522130712507;1;13503503;354390;19710202;3;0;0;0;0;00;0;0;0;0;0;8;0304100021;0304100021;344.77;65.14;0.00;0.00;0.00;0.00;0.00;0.00;0.00;0.00;0.00;409.91;0.00;78.67;20221110;20221117;C538;0000;27;00;3999;1;0;0;354390;4;51;7;0;010;;02;0;;0;0;0;;00;00;1;000000000000;000;000000;000;0;00000;1;000008291227888;;2082888;;;0000;0000;02;06;;0000;03;0000;529;HM35439001N202211.DTS;;;0.00;0.00;0.00;0.00;0.00;00;N179;Z720;Z721;Z722;B220;;;;;1;1;1;1;1;0;0;0;0;
354390;2022;11;01;56384183000140;3522130712496;1;13503503;354390;19710202;3;0;0;0;0;00;0;0;0;0;0;5;0409010170;0409010170;671.95;163.47;0.00;0.00;0.00;0.00;0.00;0.00;0.00;0.00;0.00;835.42;0.00;160.34;20221117;20221122;C538;0000;12;00;3999;1;0;0;354390;4;51;5;0;010;;02;0;;0;0;0;;00;00;1;000000000000;000;000000;000;0;00000;1;000008291227888;;2082888;;;0000;0000;02;06;;0000;03;0000;150;HM35439001N202211.DTS;;;0.00;0.00;0.00;0.00;0.00;00;;;;;;;;;;0;0;0;0;0;0;0;0;0;
354390;2022;11;01;56384183000140;3522130715235;1;13504764;354390;19630209;3;0;0;0;0;00;0;0;0;0;0;4;0415010012;0415010012;3849.33;532.74;0.00;0.00;0.00;0.00;0.00;0.00;0.00;0.00;0.00;4382.07;0.00;841.08;20221104;20221107;C539;0000;27;00;3999;1;0;0;354390;4;59;3;0;010;;02;0;;0;0;0;;00;00;1;000000000000;000;000000;000;0;00000;1;000008291227888;;2082888;;;0000;0000;02;06;;0000;01;0000;230;HM35439001N202211.DTS;;;0.00;0.00;0.00;0.00;0.00;00;W999;K550;K660;K650;;;;;;1;1;1;1;0;0;0;0;0;
354390;2022;03;01;56384183000140;3522111527540;1;13504825;354390;19900819;3;0;0;0;0;00;0;0;0;0;0;1;0406020078;0406020078;446.85;109.20;0.00;0.00;0.00;0.00;0.00;0.00;0.00;0.00;0.00;556.05;0.00;113.24;20220314;20220315;C539;0000;12;00;3999;1;0;0;354390;4;31;1;0;010;;01;0;;0;0;0;;00;00;1;000000000000;000;000000;000;0;00000;0;000000000000000;;2082888;;;0000;0000;03;06;;0000;03;0000;839;HM35439001N202203.DTS;;;0.00;0.00;0.00;0.00;0.00;00;;;;;;;;;;0;0;0;0;0;0;0;0;0;
350000;2023;01;01;46374500016430;3522120685402;1;13502600;354390;19590726;3;0;0;0;0;00;0;0;0;0;0;40;0412040166;0412040166;1991.60;516.51;0.00;0.00;0.00;0.00;0.00;0.00;0.00;0.00;0.00;2508.11;0.00;482.32;20221029;20221207;C539;0000;41;00;1023;2;0;0;355030;4;63;39;1;010;;02;0;;0;0;0;;00;00;1;000000000000;000;000000;000;0;00014;1;000084474017820;;6123740;46374500000194;;0000;0000;02;06;;7102;01;0000;91166;HE35000001N202301.DTS;;;0.00;0.00;0.00;0.00;0.00;00;N739;N179;I269;A419;;;;;;1;1;1;1;0;0;0;0;0;
354390;2023;01;01;56384183000140;3523106177602;1;13505371;354390;19780723;3;0;0;0;0;00;0;0;0;0;0;1;0409060046;0409060046;169.34;57.19;0.00;0.00;0.00;0.00;0.00;0.00;0.00;0.00;0.00;226.53;0.00;43.56;20230109;20230109;C530;0000;12;00;3999;1;0;0;354390;4;44;0;0;010;;01;0;;0;0;0;;00;00;1;000000000000;000;000000;000;0;00000;0;000000000000000;;2082888;;;0000;0000;02;06;;0000;01;0000;102;HM35439001N202301.DTS;;;0.00;0.00;0.00;0.00;0.00;00;;;;;;;;;;0;0;0;0;0;0;0;0;0;
354390;2023;09;01;56384183000140;3523123144520;1;13506780;354390;19810805;3;0;0;0;0;00;0;0;0;0;0;2;0415020050;0415020050;2951.40;1022.84;0.00;0.00;0.00;0.00;0.00;0.00;0.00;0.00;0.00;3974.24;0.00;786.97;20230911;20230913;C538;0000;12;00;3999;1;0;0;354390;4;42;2;0;010;;01;0;;0;0;0;;00;00;1;000000000000;000;000000;000;0;00000;0;000000000000000;;2082888;;;0000;0000;03;06;;0000;03;0000;891;HM35439001N202309.DTS;;;0.00;0.00;0.00;0.00;0.00;00;C775;;;;;;;;;1;0;0;0;0;0;0;0;0;
354390;2023;07;01;56384183000140;3523119584259;1;13501390;354390;19951105;3;0;0;0;0;00;0;0;0;0;0;1;0409060038;0409060038;345.98;138.46;0.00;0.00;0.00;0.00;0.00;0.00;0.00;0.00;0.00;484.44;0.00;98.46;20230707;20230707;C531;0000;12;00;3999;1;0;0;354390;4;27;0;0;010;;01;0;;0;0;0;;00;00;1;000000000000;000;000000;000;0;00000;0;000000000000000;;2082888;;;0000;0000;02;06;;0000;01;0000;814;HM35439001N202307.DTS;;;0.00;0.00;0.00;0.00;0.00;00;;;;;;;;;;0;0;0;0;0;0;0;0;0;
354390;2023;06;03;56384183000140;3523115869570;1;13505244;354390;19560908;3;0;0;0;0;00;0;0;0;0;2;2;0304100021;0304100021;341.65;65.14;0.00;0.00;0.00;0.00;0.00;0.00;0.00;0.00;0.00;406.79;0.00;85.82;20230530;20230601;C539;0000;12;00;3999;1;0;0;354390;4;66;2;0;010;;02;0;;0;0;0;;00;00;1;000000000000;000;000000;000;0;00000;0;000000000000000;;2082888;;;0000;0000;02;06;;0000;01;0000;453;HM35439001N202306.DTS;;;0.00;0.00;0.00;0.00;0.00;00;N179;I10;Z720;;;;;;;1;1;1;0;0;0;0;0;0;
354390;2023;06;01;56384183000140;3523115867470;1;13506352;354390;19740529;3;0;0;0;0;00;0;0;0;0;0;2;0416060064;0416060064;5353.86;1164.93;0.00;0.00;0.00;0.00;0.00;0.00;0.00;0.00;0.00;6518.79;0.00;1375.27;20230523;20230525;C538;0000;12;00;3999;1;0;0;354390;4;48;2;0;010;;01;0;;0;0;0;;00;00;1;000000000000;000;000000;000;0;00000;0;000000000000000;;2082888;;;0000;0000;03;06;;0000;01;0000;30;HM35439001N202306.DTS;;;0.00;0.00;0.00;0.00;0.00;00;Z720;;;;;;;;;1;0;0;0;0;0;0;0;0;
354390;2023;03;01;56384183000140;3523106185511;1;13504686;354390;19520826;3;0;0;0;0;00;0;0;0;0;1;1;0415020050;0415020050;2633.16;1022.84;0.00;0.00;0.00;0.00;0.00;0.00;0.00;0.00;0.00;3656.00;0.00;731.20;20230214;20230214;C538;0000;27;00;3999;1;0;0;354390;4;70;0;0;010;;01;0;;0;0;0;;00;00;1;000000000000;000;000000;000;0;00000;1;000008291227888;;2082888;;;0000;0000;03;06;;0000;01;0000;6;HM35439001N202303.DTS;;;0.00;0.00;0.00;0.00;0.00;00;C775;;;;;;;;;1;0;0;0;0;0;0;0;0;
354390;2023;03;03;56384183000140;3523114082994;1;13500144;354390;19450121;3;0;0;0;0;00;0;0;0;0;6;6;0304100021;0304100021;408.30;65.14;0.00;0.00;0.00;0.00;0.00;0.00;0.00;0.00;0.00;473.44;0.00;94.68;20230325;20230330;C539;0000;41;00;3999;1;0;0;354390;4;78;5;1;010;;02;0;;0;0;0;;00;00;1;000000000000;000;000000;000;0;00000;0;000000000000000;;2082888;;;0000;0000;02;06;;0000;01;0000;598;HM35439001N202303.DTS;;;0.00;0.00;0.00;0.00;0.00;00;I10;R54;;;;;;;;1;1;0;0;0;0;0;0;0;
354390;2023;03;03;56384183000140;3523110962855;1;13506181;354390;19490903;3;0;0;0;0;00;0;0;0;0;0;1;0304100021;0304100021;320.30;65.14;0.00;0.00;0.00;0.00;0.00;0.00;0.00;0.00;0.00;385.44;0.00;77.08;20230316;20230316;C538;0000;12;00;3999;1;0;0;354390;4;73;0;0;010;;02;0;;0;0;0;;00;00;1;000000000000;000;000000;000;0;00007;1;000008291227888;;2082888;;;0000;0000;02;06;;0000;01;0000;475;HM35439001N202303.DTS;;;0.00;0.00;0.00;0.00;0.00;00;;;;;;;;;;0;0;0;0;0;0;0;0;0;
354390;2023;08;01;56384183000140;3523119595347;1;13506271;354390;19810821;3;0;0;0;0;00;0;0;0;0;0;1;0409060038;0409060038;345.98;138.46;0.00;0.00;0.00;0.00;0.00;0.00;0.00;0.00;0.00;484.44;0.00;96.88;20230817;20230818;C539;0000;12;00;3999;1;0;0;354390;4;41;1;0;010;;02;0;;0;0;0;;00;00;1;000000000000;000;000000;000;0;00000;0;000000000000000;;2082888;;;0000;0000;02;06;;0000;01;0000;885;HM35439001N202308.DTS;;;0.00;0.00;0.00;0.00;0.00;00;;;;;;;;;;0;0;0;0;0;0;0;0;0;
354390;2024;01;01;56384183000140;3524106166911;1;13500190;354390;19740922;3;0;0;0;0;00;0;0;0;0;0;3;0416060080;0416060080;4379.52;1164.93;0.00;0.00;0.00;0.00;0.00;0.00;0.00;0.00;0.00;5544.45;0.00;1120.09;20240102;20240105;C530;0000;12;00;3999;1;0;0;354390;4;49;3;0;010;;01;0;;0;0;0;;00;00;1;000000000000;000;000000;000;0;00000;0;000000000000000;;2082888;;;0000;0000;03;06;;0000;01;0000;125;HM35439001N202401.DTS;;;0.00;0.00;0.00;0.00;0.00;00;I10;;;;;;;;;1;0;0;0;0;0;0;0;0;
354390;2024;09;01;56384183000140;3524123177300;1;13503683;354390;19970101;3;0;0;0;0;00;0;0;0;0;0;2;0415020050;0415020050;4544.60;1639.41;0.00;0.00;0.00;0.00;0.00;0.00;0.00;0.00;0.00;6184.01;0.00;1071.75;20240923;20240925;C538;0000;12;00;3999;1;0;0;354390;4;27;2;0;010;;01;0;;0;0;0;;00;00;1;000000000000;000;000000;000;0;00000;0;000000000000000;;2082888;;;0000;0000;03;06;;0000;03;0000;220;HM35439001N202409.DTS;;;0.00;0.00;0.00;0.00;0.00;00;W999;C786;;;;;;;;1;1;0;0;0;0;0;0;0;
354390;2024;09;01;56384183000140;3524123175056;1;13506720;354390;19560618;3;0;0;0;0;00;0;0;0;0;0;1;0416060110;0416060110;1915.14;568.00;0.00;0.00;0.00;0.00;0.00;0.00;0.00;0.00;0.00;2483.14;0.00;430.35;20240916;20240917;C538;0000;12;00;3999;1;0;0;354390;4;68;1;0;010;;02;0;;0;0;0;;00;00;1;000000000000;000;000000;000;0;00000;0;000000000000000;;2082888;;;0000;0000;03;06;;0000;01;0000;159;HM35439001N202409.DTS;;;0.00;0.00;0.00;0.00;0.00;00;W999;I10;E148;;;;;;;1;1;1;0;0;0;0;0;0;
354390;2024;07;01;56384183000140;3524117726789;1;13502100;354390;19860927;3;0;0;0;0;00;0;0;0;0;0;1;0409060038;0409060038;631.44;138.46;0.00;0.00;0.00;0.00;0.00;0.00;0.00;0.00;0.00;769.90;0.00;136.26;20240717;20240717;C530;0000;12;00;3999;1;0;0;354390;4;37;0;0;010;;01;0;;0;0;0;;00;00;1;000000000000;000;000000;000;0;00000;0;000000000000000;;2082888;;;0000;0000;02;06;;0000;01;0000;170;HM35439001N202407.DTS;;;0.00;0.00;0.00;0.00;0.00;00;W999;T784;;;;;;;;1;1;0;0;0;0;0;0;0;
354390;2024;03;01;56384183000140;3524106175788;1;13506505;354390;19960527;3;0;0;0;0;00;0;0;0;0;0;1;0409060038;0409060038;345.98;138.46;0.00;0.00;0.00;0.00;0.00;0.00;0.00;0.00;0.00;484.44;0.00;93.70;20240227;20240228;C530;0000;12;00;3999;1;0;0;354390;4;27;1;0;010;;02;0;;0;0;0;;00;00;1;000000000000;000;000000;000;0;00000;0;000000000000000;;2082888;;;0000;0000;02;06;;0000;03;0000;23;HM35439001N202403.DTS;;;0.00;0.00;0.00;0.00;0.00;00;W999;;;;;;;;;1;0;0;0;0;0;0;0;0;
354390;2024;03;01;56384183000140;3524111929602;1;13506690;354390;19440821;3;0;0;0;0;00;0;0;0;0;3;3;0415020050;0415020050;3764.52;1022.84;0.00;0.00;0.00;0.00;0.00;0.00;0.00;0.00;0.00;4787.36;0.00;925.98;20240311;20240314;C538;0000;12;00;3999;1;0;0;354390;4;79;3;0;010;;02;0;;0;0;0;;00;00;1;000000000000;000;000000;000;0;00000;0;000000000000000;;2082888;;;0000;0000;03;06;;0000;01;0000;203;HM35439001N202403.DTS;;;0.00;0.00;0.00;0.00;0.00;00;C775;;;;;;;;;1;0;0;0;0;0;0;0;0;
354390;2025;02;03;56384183000140;3525111302174;1;13504310;354390;19800605;3;0;0;0;0;00;0;0;0;0;0;4;0304100021;0304100021;391.91;65.14;0.00;0.00;0.00;0.00;0.00;0.00;0.00;0.00;0.00;457.05;0.00;79.62;20250217;20250221;C539;0000;12;00;3999;1;0;0;354390;4;44;4;0;010;;02;0;;0;0;0;;00;00;1;000000000000;000;000000;000;0;00000;0;000000000000000;;2082888;;;0000;0000;02;06;;0000;01;0000;575;HM35439001N202502.DTS;;;0.00;0.00;0.00;0.00;0.00;00;W999;D649;I10;B020;N390;;;;;1;1;1;1;1;0;0;0;0;
354390;2025;12;03;56384183000140;3525133579385;1;13505305;354390;19700403;3;0;0;0;0;00;0;0;0;0;0;2;0304100021;0304100021;440.93;65.14;0.00;0.00;0.00;0.00;0.00;0.00;0.00;0.00;0.00;506.07;0.00;96.94;20251202;20251204;C539;0000;12;00;3999;1;0;0;354390;4;55;2;0;010;;02;0;;0;0;0;;00;00;1;000000000000;000;000000;000;0;00000;0;000000000000000;;2082888;;;0000;0000;02;06;;0000;03;0000;1511;HM35439001N202512.DTS;;;0.00;0.00;0.00;0.00;0.00;00;V877;N200;T784;;;;;;;1;1;1;0;0;0;0;0;0;00
354390;2025;12;03;56384183000140;3525135051933;1;13502772;354390;19820206;3;0;0;0;0;00;0;0;0;0;0;2;0304100021;0304100021;429.77;65.14;0.00;0.00;0.00;0.00;0.00;0.00;0.00;0.00;0.00;494.91;0.00;94.81;20251217;20251219;C539;0000;12;00;3999;1;0;0;354390;4;43;2;0;010;;02;0;;0;0;0;;00;00;1;000000000000;000;000000;000;0;00000;0;000000000000000;;2082888;;;0000;0000;02;06;;0000;03;0000;1608;HM35439001N202512.DTS;;;0.00;0.00;0.00;0.00;0.00;00;N939;;;;;;;;;1;0;0;0;0;0;0;0;0;00
354390;2025;12;01;56384183000140;3525133576680;1;13506057;354390;19860607;3;0;0;0;0;00;0;0;0;0;0;4;0409060127;0409060127;687.49;273.43;0.00;0.00;0.00;0.00;0.00;0.00;0.00;0.00;0.00;960.92;0.00;184.08;20251203;20251207;C530;0000;12;00;3999;1;0;0;354390;4;39;4;0;010;;02;0;;0;0;0;;00;00;1;000000000000;000;000000;000;0;00000;0;000000000000000;;2082888;;;0000;0000;02;06;;0000;01;0000;1071;HM35439001N202512.DTS;;;0.00;0.00;0.00;0.00;0.00;00;V877;E039;;;;;;;;1;1;0;0;0;0;0;0;0;00
354390;2025;12;01;56384183000140;3525133576624;1;13505315;354390;19920624;3;0;0;0;0;00;0;0;0;0;0;1;0409060038;0409060038;614.73;138.46;0.00;0.00;0.00;0.00;0.00;0.00;0.00;0.00;0.00;753.19;0.00;144.28;20251203;20251204;C530;0000;12;00;3999;1;0;0;354390;4;33;1;0;010;;02;0;;0;0;0;;00;00;1;000000000000;000;000000;000;0;00000;0;000000000000000;;2082888;;;0000;0000;02;06;;0000;03;0000;1067;HM35439001N202512.DTS;;;0.00;0.00;0.00;0.00;0.00;00;;;;;;;;;;0;0;0;0;0;0;0;0;0;00
354390;2025;01;01;56384183000140;3524128080704;1;13506746;354390;19750303;3;0;0;0;0;00;0;0;0;0;0;2;0415020050;0415020050;2869.84;1022.84;0.00;0.00;0.00;0.00;0.00;0.00;0.00;0.00;0.00;3892.68;0.00;666.55;20241203;20241205;C538;0000;12;00;3999;1;0;0;354390;4;49;2;0;010;;01;0;;0;0;0;;00;00;1;000000000000;000;000000;000;0;00000;0;000000000000000;;2082888;;;0000;0000;03;06;;0000;03;0000;18;HM35439001N202501.DTS;;;0.00;0.00;0.00;0.00;0.00;00;C775;;;;;;;;;1;0;0;0;0;0;0;0;0;
354390;2025;01;03;56384183000140;3525111292527;1;13505090;354390;19490623;3;0;0;0;0;00;0;0;0;0;4;4;0304100021;0304100021;394.30;65.14;0.00;0.00;0.00;0.00;0.00;0.00;0.00;0.00;0.00;459.44;0.00;78.67;20250113;20250116;C539;0000;41;00;3999;1;0;0;354390;4;75;3;1;010;;02;0;;0;0;0;;00;00;1;000000000000;000;000000;000;0;00000;0;000000000000000;;2082888;;;0000;0000;02;06;;0000;01;0000;473;HM35439001N202501.DTS;;;0.00;0.00;0.00;0.00;0.00;00;;;;;;;;;;0;0;0;0;0;0;0;0;0;
354390;2025;01;01;56384183000140;3525111290272;1;13505220;354390;19840106;3;0;0;0;0;00;0;0;0;0;0;2;0407020101;0407020101;1069.39;189.32;0.00;0.00;0.00;0.00;0.00;0.00;0.00;0.00;0.00;1258.71;0.00;215.53;20250103;20250105;C539;0000;12;00;3999;1;0;0;354390;4;40;2;0;010;;02;0;;0;0;0;;00;00;1;000000000000;000;000000;000;0;00000;0;000000000000000;;2082888;;;0000;0000;02;06;;0000;01;0000;62;HM35439001N202501.DTS;;;0.00;0.00;0.00;0.00;0.00;00;;;;;;;;;;0;0;0;0;0;0;0;0;0;
354390;2025;01;03;56384183000140;3525111290525;1;13504825;354390;19880320;3;0;0;0;0;00;0;0;0;0;0;3;0304100021;0304100021;302.30;65.14;0.00;0.00;0.00;0.00;0.00;0.00;0.00;0.00;0.00;367.44;0.00;62.91;20250105;20250107;C538;0000;27;00;3999;1;0;0;354390;4;36;2;0;010;;02;0;;0;0;0;;00;00;1;000000000000;000;000000;000;0;00000;1;000008291227888;;2082888;;;0000;0000;02;06;;0000;01;0000;401;HM35439001N202501.DTS;;;0.00;0.00;0.00;0.00;0.00;00;;;;;;;;;;0;0;0;0;0;0;0;0;0;
354390;2025;11;03;56384183000140;3525133575557;1;13500340;354390;19530507;3;0;0;0;0;00;0;0;0;0;7;8;0304100021;0304100021;438.13;65.14;0.00;0.00;0.00;0.00;0.00;0.00;0.00;0.00;0.00;503.27;0.00;91.50;20251118;20251125;C530;0000;41;00;3999;1;0;0;354390;4;72;7;1;010;;02;0;;0;0;0;;00;00;1;000000000000;000;000000;000;0;00000;0;000000000000000;;2082888;;;0000;0000;02;06;;0000;01;0000;674;HM35439001N202511.DTS;;;0.00;0.00;0.00;0.00;0.00;00;V877;K564;;;;;;;;1;1;0;0;0;0;0;0;0;00
353870;2025;03;03;54384631000261;3525113953010;1;13504641;354390;19780723;3;0;0;0;0;00;0;0;0;0;0;3;0304100021;0304100021;302.30;65.14;0.00;0.00;0.00;0.00;0.00;0.00;0.00;0.00;0.00;367.44;0.00;64.91;20250314;20250317;C538;0000;12;00;3999;1;0;0;353870;4;46;3;0;010;;02;0;;0;0;0;;00;00;1;000000000000;000;000000;000;0;00000;0;000000000000000;;2087057;;;0000;0000;02;06;;0000;01;0000;750;HM35387001N202503.DTS;;;0.00;0.00;0.00;0.00;0.00;00;R521;;;;;;;;;2;0;0;0;0;0;0;0;0;00
354390;2025;03;01;56384183000140;3525111307135;1;13506749;354390;19890812;3;0;0;0;0;00;0;0;0;0;0;1;0303150050;0409060046;191.79;57.19;0.00;0.00;0.00;0.00;0.00;0.00;0.00;0.00;0.00;248.98;0.00;43.98;20250306;20250307;C530;0000;12;00;3999;1;0;0;354390;4;35;1;0;010;;02;0;;0;0;0;;00;00;1;000000000000;000;000000;000;0;00000;0;000000000000000;;2082888;;;0000;0000;02;06;;0000;03;0000;151;HM35439001N202503.DTS;;;0.00;0.00;0.00;0.00;0.00;00;;;;;;;;;;0;0;0;0;0;0;0;0;0;00
354390;2025;03;03;56384183000140;3525111304110;1;13504310;354390;19800605;3;0;0;0;0;00;0;0;0;0;0;10;0304100021;0304100021;374.28;72.88;0.00;0.00;0.00;0.00;0.00;0.00;0.00;0.00;0.00;447.16;0.00;79.00;20250228;20250309;C539;0000;41;00;3999;1;0;0;354390;4;44;9;1;010;;02;0;;0;0;0;;00;00;1;000000000000;000;000000;000;0;00000;0;000000000000000;;2082888;;;0000;0000;02;06;;0000;01;0000;406;HM35439001N202503.DTS;;;0.00;0.00;0.00;0.00;0.00;00;W999;C340;;;;;;;;1;1;0;0;0;0;0;0;0;00
354390;2025;04;01;56384183000140;3525116111320;1;13506347;354390;19960413;3;0;0;0;0;00;0;0;0;0;0;1;0409060038;0409060038;345.98;138.46;0.00;0.00;0.00;0.00;0.00;0.00;0.00;0.00;0.00;484.44;0.00;84.98;20250416;20250416;C530;0000;12;00;3999;1;0;0;354390;4;29;0;0;010;;02;0;;0;0;0;;00;00;1;000000000000;000;000000;000;0;00000;0;000000000000000;;2082888;;;0000;0000;02;06;;0000;03;0000;154;HM35439001N202504.DTS;;;0.00;0.00;0.00;0.00;0.00;00;;;;;;;;;;0;0;0;0;0;0;0;0;0;00
354390;2025;04;01;56384183000140;3525116112640;1;13504825;354390;19880320;3;0;0;0;0;00;0;0;0;0;0;3;0406020078;0406020078;335.63;113.07;0.00;0.00;0.00;0.00;0.00;0.00;0.00;0.00;0.00;448.70;0.00;78.71;20250414;20250417;C539;0000;12;00;3999;1;0;0;354390;4;37;3;0;010;;02;0;;0;0;0;;00;00;1;000000000000;000;000000;000;0;00000;1;000008291227888;;2082888;;;0000;0000;03;06;;0000;01;0000;188;HM35439001N202504.DTS;;;0.00;0.00;0.00;0.00;0.00;00;;;;;;;;;;0;0;0;0;0;0;0;0;0;00
354390;2025;04;01;56384183000140;3525116108976;1;13505220;354390;19840106;3;0;0;0;0;00;0;0;0;0;0;1;0409010065;0409010065;407.66;160.06;0.00;0.00;0.00;0.00;0.00;0.00;0.00;0.00;0.00;567.72;0.00;99.60;20250408;20250408;C530;0000;12;00;3999;1;0;0;354390;4;41;0;0;010;;01;0;;0;0;0;;00;00;1;000000000000;000;000000;000;0;00000;0;000000000000000;;2082888;;;0000;0000;02;06;;0000;01;0000;88;HM35439001N202504.DTS;;;0.00;0.00;0.00;0.00;0.00;00;W999;T191;;;;;;;;1;1;0;0;0;0;0;0;0;00
354390;2025;04;03;56384183000140;3525116112639;1;13504825;354390;19880320;3;0;0;0;0;00;0;0;0;0;0;5;0304100021;0304100021;704.10;65.14;0.00;0.00;0.00;0.00;0.00;0.00;0.00;0.00;0.00;769.24;0.00;134.95;20250410;20250414;C539;0000;27;00;3999;1;0;0;354390;4;37;4;0;010;;02;0;;0;0;0;;00;00;1;000000000000;000;000000;000;0;00014;1;000008291227888;;2082888;;;0000;0000;02;06;;0000;01;0000;543;HM35439001N202504.DTS;;;0.00;0.00;0.00;0.00;0.00;00;;;;;;;;;;0;0;0;0;0;0;0;0;0;00
354390;2025;09;01;56384183000140;3525128498639;1;13503665;354390;19941110;3;0;0;0;0;00;0;0;0;0;0;1;0409060038;0409060038;345.98;138.46;0.00;0.00;0.00;0.00;0.00;0.00;0.00;0.00;0.00;484.44;0.00;90.04;20250910;20250911;C539;0000;12;00;3999;1;0;0;354390;4;30;1;0;010;;01;0;;0;0;0;;00;00;1;000000000000;000;000000;000;0;00000;0;000000000000000;;2082888;;;0000;0000;02;06;;0000;01;0000;231;HM35439001N202509.DTS;;;0.00;0.00;0.00;0.00;0.00;00;F411;;;;;;;;;1;0;0;0;0;0;0;0;0;00
354390;2025;09;03;56384183000140;3525128498397;1;13505270;354390;19520111;3;0;0;0;0;00;0;0;0;0;0;9;0304100013;0304100013;519.86;23.30;0.00;0.00;0.00;0.00;0.00;0.00;0.00;0.00;0.00;543.16;0.00;100.95;20250824;20250901;C539;0000;27;00;3999;1;0;0;354390;4;73;8;0;010;;02;0;;0;0;0;;00;00;1;000000000000;000;000000;000;0;00000;1;000008291227888;;2082888;;;0000;0000;02;06;;0000;03;0000;647;HM35439001N202509.DTS;;;0.00;0.00;0.00;0.00;0.00;00;K746;D649;I10;E149;;;;;;1;1;1;1;0;0;0;0;0;00
354390;2025;09;03;56384183000140;3525128498408;1;13505270;354390;19520111;3;0;0;0;3;75;0;0;0;0;0;10;0304100021;0304100021;2107.77;373.03;0.00;0.00;0.00;0.00;0.00;0.00;0.00;0.00;0.00;2480.80;1800.00;461.11;20250902;20250914;C539;0000;41;00;3999;1;0;0;354390;4;73;12;1;010;;02;0;;0;0;0;;00;00;1;000000000000;000;000000;000;0;00000;1;000008291227888;;2082888;;;0000;0000;02;06;;0000;03;0000;648;HM35439001N202509.DTS;;;0.00;0.00;0.00;0.00;0.00;00;K746;D649;;;;;;;;1;1;0;0;0;0;0;0;0;00
354390;2025;08;01;56384183000140;3525120721111;1;13505430;354390;19580422;3;0;0;0;0;00;0;0;0;0;0;2;0416060110;0416060110;1915.14;568.00;0.00;0.00;0.00;0.00;0.00;0.00;0.00;0.00;0.00;2483.14;0.00;467.63;20250825;20250827;C538;0000;12;00;3999;1;0;0;354390;4;67;2;0;010;;02;0;;0;0;0;;00;00;1;000000000000;000;000000;000;0;00000;0;000000000000000;;2082888;;;0000;0000;03;06;;0000;02;0000;328;HM35439001N202508.DTS;;;0.00;0.00;0.00;0.00;0.00;00;;;;;;;;;;0;0;0;0;0;0;0;0;0;00
354390;2025;08;01;56384183000140;3525120719923;1;13504161;354390;19841214;3;0;0;0;0;00;0;0;0;0;0;3;0415020050;0415020050;2910.62;1022.84;0.00;0.00;0.00;0.00;0.00;0.00;0.00;0.00;0.00;3933.46;0.00;740.76;20250819;20250822;C538;0000;12;00;3999;1;0;0;354390;4;40;3;0;010;;01;0;;0;0;0;;00;00;1;000000000000;000;000000;000;0;00000;0;000000000000000;;2082888;;;0000;0000;03;06;;0000;03;0000;283;HM35439001N202508.DTS;;;0.00;0.00;0.00;0.00;0.00;00;C775;;;;;;;;;1;0;0;0;0;0;0;0;0;00
354390;2025;07;01;56384183000140;3525120709869;1;13506860;354390;19680110;3;0;0;0;0;00;0;0;0;0;0;4;0416060110;0416060110;2069.88;568.00;0.00;0.00;0.00;0.00;0.00;0.00;0.00;0.00;0.00;2637.88;0.00;486.69;20250630;20250704;C538;0000;12;00;3999;1;0;0;354390;4;57;4;0;010;;02;0;;0;0;0;;00;00;1;000000000000;000;000000;000;0;00000;0;000000000000000;;2082888;;;0000;0000;03;06;;0000;01;0000;127;HM35439001N202507.DTS;;;0.00;0.00;0.00;0.00;0.00;00;T784;;;;;;;;;1;0;0;0;0;0;0;0;0;00
354390;2025;07;01;56384183000140;3525120708660;1;13502753;354390;19981217;3;0;0;0;0;00;0;0;0;0;0;1;0416060110;0416060110;1833.58;568.00;0.00;0.00;0.00;0.00;0.00;0.00;0.00;0.00;0.00;2401.58;0.00;443.09;20250708;20250709;C538;0000;12;00;3999;1;0;0;354390;4;26;1;0;010;;02;0;;0;0;0;;00;00;1;000000000000;000;000000;000;0;00000;0;000000000000000;;2082888;;;0000;0000;03;06;;0000;01;0000;79;HM35439001N202507.DTS;;;0.00;0.00;0.00;0.00;0.00;00;;;;;;;;;;0;0;0;0;0;0;0;0;0;00
354390;2025;07;03;56384183000140;3525120715248;1;13506685;354390;19511016;3;0;0;0;0;00;0;0;0;0;13;14;0304100021;0304100021;643.96;80.29;0.00;0.00;0.00;0.00;0.00;0.00;0.00;0.00;0.00;724.25;0.00;133.62;20250709;20250723;C539;0000;12;00;3999;1;0;0;354390;4;73;14;0;010;;02;0;;0;0;0;;00;00;1;000000000000;000;000000;000;0;00000;0;000000000000000;;2082888;;;0000;0000;02;06;;0000;01;0000;657;HM35439001N202507.DTS;;;0.00;0.00;0.00;0.00;0.00;00;C780;D630;I10;E111;;;;;;1;1;1;1;0;0;0;0;0;00
354390;2025;07;03;56384183000140;3525120714401;1;13502013;354390;19410117;3;0;0;0;0;00;0;0;0;0;8;8;0304100021;0304100021;665.05;65.14;0.00;0.00;0.00;0.00;0.00;0.00;0.00;0.00;0.00;730.19;0.00;134.72;20250626;20250703;C539;0000;41;00;3999;1;0;0;354390;4;84;7;1;010;;02;0;;0;0;0;;00;00;1;000000000000;000;000000;000;0;00000;0;000000000000000;;2082888;;;0000;0000;02;06;;0000;02;0000;631;HM35439001N202507.DTS;;;0.00;0.00;0.00;0.00;0.00;00;N130;;;;;;;;;1;0;0;0;0;0;0;0;0;00
354390;2025;05;03;56384183000140;3525116114740;1;13504825;354390;19880320;3;0;0;0;0;00;0;0;0;0;0;6;0304100021;0304100021;955.84;65.14;0.00;0.00;0.00;0.00;0.00;0.00;0.00;0.00;0.00;1020.98;0.00;187.33;20250427;20250502;C538;0000;41;00;3999;1;0;0;354390;4;37;5;1;010;;02;0;;0;0;0;;00;00;1;000000000000;000;000000;000;0;00000;0;000000000000000;;2082888;;;0000;0000;02;06;;0000;01;0000;418;HM35439001N202505.DTS;;;0.00;0.00;0.00;0.00;0.00;00;;;;;;;;;;0;0;0;0;0;0;0;0;0;00
354390;2025;05;01;56384183000140;3525116113431;1;13502430;354390;19650228;3;0;0;0;0;00;0;0;0;0;0;3;0415020050;0415020050;5470.07;1639.41;0.00;0.00;0.00;0.00;0.00;0.00;0.00;0.00;0.00;7109.48;0.00;1304.49;20250428;20250501;C538;0000;12;00;3999;1;0;0;354390;4;60;3;0;010;;02;0;;0;0;0;;00;00;1;000000000000;000;000000;000;0;00000;0;000000000000000;;2082888;;;0000;0000;03;06;;0000;01;0000;28;HM35439001N202505.DTS;;;0.00;0.00;0.00;0.00;0.00;00;W999;C786;;;;;;;;1;1;0;0;0;0;0;0;0;00
